{
  "meta": {
    "tool": "lm5148_webapp",
    "version": 1,
    "exportedAt": "2026-01-27T09:45:19.122Z"
  },
  "inputs": {
    "vinMin": 40,
    "vinNom": 50,
    "vinMax": 60,
    "vout": 12,
    "iout": 5,
    "fsw": 340000,
    "rippleFrac": 0.4,
    "lUsed": 5.6e-7,
    "rsForEq33": 0.005,
    "vcsTh": 0.06,
    "ilPkMargin": 1.25,
    "tDelay": 4.5e-8,
    "voutOvershoot": 0.075,
    "coutEff": 0.000044,
    "routEsr": 0.001,
    "duty": 0.5,
    "vinRippleSpec": 0.12,
    "rinEsr": 0.002,
    "vref": 0.8,
    "rfbBot": 10000,
    "fc": 60000,
    "gm": 0.0012,
    "fesr": 500000,
    "cbw": 8e-13
  },
  "results": {
    "deltaIlNom_A": 2,
    "lReq_H": 0.000013411764705882353,
    "deltaIlMax_A": 50.42016806722688,
    "ilPkMax_A": 30.21008403361344,
    "rosc": 0.31512605042016806,
    "rsense_Ohm": 0.001588873435326843,
    "ilPkSc_A": 42.58403361344537,
    "coutMin_F": 0.000007753547940463863,
    "voutRipple_Vpp": 0.016830484435262187,
    "icoRms_A": 0.5773502691896258,
    "icinRms_A": 2.5,
    "cinReq_F": 0.000030663884420158055,
    "rt_Ohm": 64181.69934640522,
    "rfbTop_Ohm": 140000,
    "rcomp_Ohm": 0.000001724161780770463,
    "ccomp_F": 15.384765017117957,
    "chf_F": 0.1846171802046155
  }
}